<?xml version="1.0"?>
<comp:component-backend-db xmlns:comp="http://openoffice.org/extensionmanager/component-registry/2010"><comp:component url="vnd.sun.star.expand:$BUNDLED_EXTENSIONS/lightproof_ru_RU/Lightproof.py"><comp:java-type-library>false</comp:java-type-library><comp:implementation-names><comp:name>org.openoffice.comp.pyuno.LightproofOptionsEventHandler.lightproof_ru_RU</comp:name><comp:name>org.openoffice.comp.pyuno.Lightproof.lightproof_ru_RU</comp:name></comp:implementation-names></comp:component></comp:component-backend-db>
